{"lambda": [0.0001, 0.0002, 0.0003, 0.0002, 0.00015, 0.0003, 0.0002, 0.00025, 0.0002, 0.0002, 0.0001], "point1": {"1": [2, 11], "2": [1, 3], "3": [2, 4, 10], "4": [3, 5], "5": [4, 6], "6": [5, 7, 9], "7": [6, 8], "8": [7, 9], "9": [6, 8], "10": [3, 11], "11": [1, 10]}, "point2": "(exp(-l11*t-l10*t)+exp(-l1*t-l2*t)-exp(-l1*t-l2*t-l10*t-l11*t))*exp(-l3*t-l4*t-l5*t-l6*t)*(exp(-l9*t)+exp(-l7*t)-exp(-l7*t-l9*t))*exp(-l8*t)", "point3": [754.8550521, 0.00132476, 0.001976, 506.072874], "point4": 0.533289882, "point5": 79.53191753, "point6": 1.556818182, "point7": 0.9969331581300285}